,Nuevo Ingreso,Ingreso
0,,0 days 00:00:12.633333
1,,0 days 00:00:43.966667
2,,0 days 00:01:07.633333
3,,0 days 00:01:35.633333
4,,0 days 00:01:36.633333
